"codice_ISCO08","nome_ISCO08","codice_CP2011","nome_CP2011"
"011","Commissioned armed forces officers","9.1.1.1.0","Ufficiali delle forze armate"
"021","Non-commissioned armed forces officers","9.2.1.1.0","Sergenti, sovraintendenti e marescialli delle forze armate"
"031","Armed forces occupations, other ranks","9.3.1.1.0","Truppa delle forze armate"
"111","Legislators and senior officials","1.1.2.1.0","Ambasciatori, ministri plenipotenziari ed alti dirigenti della carriera diplomatica"
"111","Legislators and senior officials","1.1.1.1.0","Membri di organismi di governo e di assemblee nazionali con potestà legislativa e regolamentare"
"111","Legislators and senior officials","1.1.1.2.0","Membri di organismi di governo e di assemblee regionali e di Province autonome con potestà legislativa e regolamentare"
"111","Legislators and senior officials","1.1.1.3.0","Membri di organismi di governo e di assemblee provinciali con potestà regolamentare"
"111","Legislators and senior officials","1.1.1.4.0","Membri di organismi di governo e di assemblee sub-provinciali e comunali con potestà regolamentare"
"111","Legislators and senior officials","1.1.2.2.1","Commissari di governo, prefetti e vice prefetti"
"111","Legislators and senior officials","1.1.2.2.2","Capi e vice capi della polizia di Stato, questori ed alti responsabili della sicurezza pubblica"
"111","Legislators and senior officials","1.1.2.2.3","Segretari generali e responsabili del controllo e della gestione nella amministrazione pubblica"
"111","Legislators and senior officials","1.1.3.1.0","Dirigenti della magistratura ordinaria"
"111","Legislators and senior officials","1.1.3.2.0","Dirigenti della magistratura amministrativa e delle giurisdizioni speciali"
"111","Legislators and senior officials","1.1.4.1.1","Dirigenti di partiti e movimenti politici"
"111","Legislators and senior officials","1.1.4.1.2","Dirigenti di sindacati e altre organizzazioni a tutela di interessi economici e sociali"
"111","Legislators and senior officials","1.1.4.2.0","Dirigenti di associazioni umanitarie, culturali, scientifiche e sportive di interesse nazionale o sovranazionale"
"112","Managing directors and chief executives","1.1.2.3.2","Sovrintendenti al patrimonio culturale nazionale"
"112","Managing directors and chief executives","1.1.2.4.1","Direttori generali, dipartimentali ed equiparati delle amministrazioni dello Stato, degli enti pubblici non economici e degli enti locali"
"112","Managing directors and chief executives","1.1.2.6.1","Dirigenti ed equiparati delle amministrazioni dello Stato, degli enti pubblici non economici e degli enti locali"
"112","Managing directors and chief executives","1.2.1.2.0","Imprenditori e amministratori di grandi aziende che operano nell’estrazione dei minerali, nella manifattura, nella produzione e distribuzione di energia elettrica, gas e acqua e nella gestione dei rifiuti"
"112","Managing directors and chief executives","1.2.1.3.0","Imprenditori e amministratori di grandi aziende di costruzioni"
"112","Managing directors and chief executives","1.2.1.4.0","Imprenditori e amministratori di grandi aziende nel commercio"
"112","Managing directors and chief executives","1.2.1.5.0","Imprenditori e amministratori di grandi aziende nei servizi di alloggio e ristorazione"
"112","Managing directors and chief executives","1.2.1.6.1","Imprenditori e amministratori di grandi aziende nel settore dei trasporti e magazzinaggio"
"112","Managing directors and chief executives","1.2.1.6.2","Imprenditori e amministratori di grandi aziende nei servizi editoriali, di produzione cinematografica, radiofonica e televisiva"
"112","Managing directors and chief executives","1.2.1.6.3","Imprenditori e amministratori di grandi  aziende nei servizi informatici e di telecomunicazione"
"112","Managing directors and chief executives","1.2.1.7.0","Imprenditori e amministratori di grandi banche, assicurazioni, agenzie immobiliari, di intermediazione finanziaria"
"112","Managing directors and chief executives","1.2.1.8.0","Imprenditori e amministratori di grandi  aziende nei servizi alle imprese e alle persone"
"121","Business services and administration managers","1.2.3.1.0","Direttori e dirigenti del dipartimento finanza ed amministrazione"
"121","Business services and administration managers","1.2.3.2.0","Direttori e dirigenti del dipartimento organizzazione, gestione delle risorse umane e delle relazioni industriali"
"122","Sales, marketing and development managers","1.2.3.3.0","Direttori e dirigenti del dipartimento vendite e commercializzazione"
"122","Sales, marketing and development managers","1.2.3.4.0","Direttori e dirigenti del dipartimento comunicazione, pubblicità e pubbliche relazioni"
"122","Sales, marketing and development managers","1.2.3.7.0","Direttori e dirigenti del dipartimento ricerca e sviluppo"
"131","Production managers in agriculture, forestry and fisheries","1.2.1.1.0","Imprenditori e amministratori di grandi aziende che operano nell’agricoltura, nell’allevamento, nella silvicoltura, nella caccia e nella pesca"
"131","Production managers in agriculture, forestry and fisheries","1.2.2.1.0","Direttori e dirigenti generali di aziende che operano nell’agricoltura, nell’allevamento, nella silvicoltura, nella caccia e nella pesca"
"132","Manufacturing, mining, construction, and distribution managers","1.2.2.2.0","Direttori e dirigenti generali di aziende che operano nella manifattura, nell’estrazione dei minerali, nella produzione e distribuzione di energia elettrica, gas, acqua e nelle attività di gestione dei rifiuti"
"132","Manufacturing, mining, construction, and distribution managers","1.2.2.3.0","Direttori e dirigenti generali di aziende nelle costruzioni"
"132","Manufacturing, mining, construction, and distribution managers","1.2.2.6.1","Direttori e dirigenti generali di aziende nel settore dei trasporti e magazzinaggio"
"132","Manufacturing, mining, construction, and distribution managers","1.2.3.5.0","Direttori e dirigenti del dipartimento approvvigionamento e distribuzione"
"132","Manufacturing, mining, construction, and distribution managers","1.3.1.2.0","Imprenditori e responsabili di piccole aziende che operano nell’estrazione di minerali, nella manifattura, nella produzione e distribuzione di energia elettrica, gas e acqua e nelle attività di gestione dei rifiuti"
"132","Manufacturing, mining, construction, and distribution managers","1.3.1.3.0","Imprenditori e responsabili di piccole aziende nelle costruzioni"
"132","Manufacturing, mining, construction, and distribution managers","1.3.1.6.1","Imprenditori e responsabili di piccole aziende nei trasporti e magazzinaggio"
"133","Information and communications technology service managers","1.2.2.6.2","Direttori e dirigenti generali di aziende nei servizi editoriali, di produzione cinematografica, radiofonica e televisiva"
"133","Information and communications technology service managers","1.2.2.6.3","Direttori e dirigenti generali di aziende nei servizi informatici e di telecomunicazione"
"133","Information and communications technology service managers","1.2.3.6.0","Direttori e dirigenti del dipartimento servizi informatici"
"133","Information and communications technology service managers","1.3.1.6.2","Imprenditori e responsabili di piccole aziende nei servizi editoriali, di produzione cinematografica, radiofonica e televisiva"
"133","Information and communications technology service managers","1.3.1.6.3","Imprenditori e responsabili di piccole aziende nei servizi informatici e di telecomunicazione"
"134","Professional services managers","1.1.2.3.1","Direttori degli uffici scolastici territoriali ed equiparati"
"134","Professional services managers","1.1.2.4.2","Rettori di università, direttori di istituzioni dell’Alta Formazione e di enti di ricerca"
"134","Professional services managers","1.1.2.4.3","Direttori generali ed equiparati nella sanità"
"134","Professional services managers","1.1.2.5.0","Dirigenti scolastici ed equiparati"
"134","Professional services managers","1.1.2.6.2","Dirigenti ed equiparati delle università e degli enti di ricerca"
"134","Professional services managers","1.1.2.6.3","Dirigenti ed equiparati nella sanità"
"134","Professional services managers","1.2.1.9.1","Imprenditori e amministratori di grandi istituti scolastici, universitari e di ricerca privati"
"134","Professional services managers","1.2.1.9.2","Imprenditori e amministratori di grandi ospedali, cliniche private o grandi aziende di assistenza sociale"
"134","Professional services managers","1.2.2.7.0","Direttori e dirigenti generali di banche, assicurazioni, agenzie immobiliari e di intermediazione finanziaria"
"134","Professional services managers","1.2.2.8.0","Direttori e dirigenti generali di aziende di servizi alle imprese e alle persone"
"134","Professional services managers","1.2.3.9.0","Altri direttori e dirigenti di dipartimento"
"134","Professional services managers","1.3.1.7.0","Imprenditori e responsabili di piccoli istituti di credito e di intermediazione finanziaria, assicurativa e immobiliare"
"134","Professional services managers","1.3.1.9.1","Imprenditori e responsabili di piccole aziende nei servizi di istruzione, formazione e ricerca"
"134","Professional services managers","1.3.1.9.2","Imprenditori e responsabili di piccole aziende nei servizi di sanità e assistenza sociale"
"141","Hotel and restaurant managers","1.2.2.5.0","Direttori e dirigenti generali di aziende nel settore dei servizi di alloggio e ristorazione"
"141","Hotel and restaurant managers","1.3.1.5.0","Imprenditori e responsabili di piccoli alberghi, alloggi o aree di campeggio e di piccoli esercizi di ristorazione"
"141","Hotel and restaurant managers","5.2.2.5.1","Esercenti di ristoranti, fast food, pizzerie ed esercizi assimilati"
"141","Hotel and restaurant managers","5.2.2.5.2","Esercenti di attività di ristorazione nei mercati e in posti assegnati"
"142","Retail and wholesale trade managers","1.2.2.4.0","Direttori e dirigenti generali di aziende nel commercio"
"142","Retail and wholesale trade managers","1.3.1.4.0","Imprenditori e responsabili di piccole aziende nel commercio"
"142","Retail and wholesale trade managers","5.1.1.1.0","Esercenti delle vendite all’ingrosso"
"143","Other services managers","5.4.6.1.0","Esercenti di agenzie per il disbrigo di pratiche e professioni assimilate"
"143","Other services managers","1.2.1.9.3","Imprenditori e amministratori di grandi aziende nel settore delle attività sportive, ricreative, di intrattenimento e di divertimento"
"143","Other services managers","1.2.2.9.0","Direttori e dirigenti generali di aziende nel settore delle attività sportive, ricreative, di intrattenimento e divertimento"
"143","Other services managers","1.3.1.8.0","Imprenditori e responsabili di piccole aziende nei servizi alle imprese e alle persone"
"143","Other services managers","1.3.1.9.3","Imprenditori e responsabili di piccole aziende nel settore delle attività sportive, ricreative, di intrattenimento e divertimento"
"143","Other services managers","5.4.2.1.1","Esercenti di cinema e teatri"
"143","Other services managers","5.4.2.1.2","Esercenti di locali notturni"
"143","Other services managers","5.4.2.1.3","Esercenti di attività ricreative"
"143","Other services managers","5.4.2.1.4","Esercenti di attività sportive"
"143","Other services managers","5.4.2.1.5","Esercenti di sale scommesse"
"143","Other services managers","5.4.7.1.0","Esercenti di agenzie di pompe funebri"
"143","Other services managers","5.4.8.8.0","Esercenti di garage ed autorimesse"
"211","Physical and earth science professionals","2.1.1.1.1","Fisici"
"211","Physical and earth science professionals","2.1.1.1.2","Astronomi ed astrofisici"
"211","Physical and earth science professionals","2.1.1.2.1","Chimici e professioni assimilate"
"211","Physical and earth science professionals","2.1.1.2.2","Chimici informatori e divulgatori"
"211","Physical and earth science professionals","2.1.1.6.1","Geologi"
"211","Physical and earth science professionals","2.1.1.6.2","Paleontologi"
"211","Physical and earth science professionals","2.1.1.6.3","Geofisici"
"211","Physical and earth science professionals","2.1.1.6.4","Meteorologi"
"211","Physical and earth science professionals","2.1.1.6.5","Idrologi"
"212","Mathematicians, actuaries and statisticians","2.1.1.3.1","Matematici"
"212","Mathematicians, actuaries and statisticians","2.1.1.3.2","Statistici"
"213","Life science professionals","2.3.1.1.1","Biologi e professioni assimilate"
"213","Life science professionals","2.3.1.1.2","Biochimici"
"213","Life science professionals","2.3.1.1.3","Biofisici"
"213","Life science professionals","2.3.1.1.4","Biotecnologi"
"213","Life science professionals","2.3.1.1.5","Botanici"
"213","Life science professionals","2.3.1.1.6","Zoologi"
"213","Life science professionals","2.3.1.1.7","Ecologi"
"213","Life science professionals","2.3.1.2.1","Farmacologi"
"213","Life science professionals","2.3.1.2.2","Microbiologi"
"213","Life science professionals","2.3.1.3.0","Agronomi e forestali"
"214","Engineering professionals (excluding electrotechnology)","2.2.1.1.1","Ingegneri meccanici"
"214","Engineering professionals (excluding electrotechnology)","2.2.1.1.2","Ingegneri navali"
"214","Engineering professionals (excluding electrotechnology)","2.2.1.1.3","Ingegneri aerospaziali e astronautici"
"214","Engineering professionals (excluding electrotechnology)","2.2.1.1.4","Ingegneri energetici e nucleari"
"214","Engineering professionals (excluding electrotechnology)","2.2.1.2.1","Ingegneri metallurgici"
"214","Engineering professionals (excluding electrotechnology)","2.2.1.2.2","Ingegneri minerari"
"214","Engineering professionals (excluding electrotechnology)","2.2.1.5.1","Ingegneri chimici e petroliferi"
"214","Engineering professionals (excluding electrotechnology)","2.2.1.5.2","Ingegneri dei materiali"
"214","Engineering professionals (excluding electrotechnology)","2.2.1.6.1","Ingegneri edili e ambientali"
"214","Engineering professionals (excluding electrotechnology)","2.2.1.6.2","Ingegneri idraulici"
"214","Engineering professionals (excluding electrotechnology)","2.2.1.7.0","Ingegneri industriali e gestionali"
"214","Engineering professionals (excluding electrotechnology)","2.2.1.8.0","Ingegneri biomedici e bioingegneri"
"215","Electrotechnology engineers","2.2.1.3.0","Ingegneri elettrotecnici e dell’automazione industriale"
"215","Electrotechnology engineers","2.2.1.4.1","Ingegneri elettronici"
"215","Electrotechnology engineers","2.2.1.4.2","Ingegneri progettisti di calcolatori e loro periferiche"
"215","Electrotechnology engineers","2.2.1.4.3","Ingegneri in telecomunicazioni"
"216","Architects, planners, surveyors and designers","2.2.2.1.1","Architetti"
"216","Architects, planners, surveyors and designers","2.2.2.1.2","Pianificatori, paesaggisti e specialisti del recupero e della conservazione del territorio"
"216","Architects, planners, surveyors and designers","2.2.2.2.0","Cartografi e fotogrammetristi"
"216","Architects, planners, surveyors and designers","2.5.5.1.3","Disegnatori di moda"
"216","Architects, planners, surveyors and designers","2.5.5.1.4","Creatori artistici a fini commerciali (esclusa la moda)"
"216","Architects, planners, surveyors and designers","3.4.4.1.1","Grafici"
"221","Medical doctors","2.4.1.1.0","Medici generici"
"221","Medical doctors","2.4.1.2.0","Specialisti in terapie mediche"
"221","Medical doctors","2.4.1.3.0","Specialisti in terapie chirurgiche"
"221","Medical doctors","2.4.1.4.0","Laboratoristi e patologi clinici"
"221","Medical doctors","2.4.1.6.0","Specialisti in diagnostica per immagini e radioterapia"
"221","Medical doctors","2.4.1.8.0","Anestesisti e rianimatori"
"225","Veterinarians","2.3.1.4.0","Veterinari"
"226","Other health professionals","2.3.1.5.0","Farmacisti"
"226","Other health professionals","2.4.1.5.0","Dentisti e odontostomatologi"
"226","Other health professionals","2.4.1.7.1","Dietologi e igienisti"
"226","Other health professionals","2.4.1.7.2","Specialisti in medicina sociale e del lavoro"
"226","Other health professionals","2.4.1.7.3","Epidemiologi"
"231","University and higher education teachers","2.6.1.1.1","Docenti universitari in scienze matematiche e dell’informazione"
"231","University and higher education teachers","2.6.1.1.2","Docenti universitari in scienze fisiche"
"231","University and higher education teachers","2.6.1.1.3","Docenti universitari in scienze chimiche e farmaceutiche"
"231","University and higher education teachers","2.6.1.1.4","Docenti universitari in scienze della terra"
"231","University and higher education teachers","2.6.1.2.1","Docenti universitari in scienze biologiche"
"231","University and higher education teachers","2.6.1.2.2","Docenti universitari in scienze agrarie, zootecniche e della produzione animale"
"231","University and higher education teachers","2.6.1.2.3","Docenti universitari in scienze mediche"
"231","University and higher education teachers","2.6.1.3.1","Docenti universitari in scienze ingegneristiche civili e dell’architettura"
"231","University and higher education teachers","2.6.1.3.2","Docenti universitari in scienze  ingegneristiche industriali e dell’informazione"
"231","University and higher education teachers","2.6.1.4.0","Docenti universitari in scienze dell’antichità, filologico-letterarie e storico-artistiche"
"231","University and higher education teachers","2.6.1.5.1","Docenti universitari in scienze storiche e filosofiche"
"231","University and higher education teachers","2.6.1.5.2","Docenti universitari in scienze pedagogiche e psicologiche"
"231","University and higher education teachers","2.6.1.6.0","Docenti universitari in scienze economiche e statistiche"
"231","University and higher education teachers","2.6.1.7.1","Docenti universitari in scienze giuridiche"
"231","University and higher education teachers","2.6.1.7.2","Docenti universitari in scienze politiche e sociali"
"231","University and higher education teachers","2.6.2.1.1","Ricercatori e tecnici laureati nelle scienze matematiche e dell’informazione"
"231","University and higher education teachers","2.6.2.1.2","Ricercatori e tecnici laureati nelle scienze fisiche"
"231","University and higher education teachers","2.6.2.1.3","Ricercatori e tecnici laureati nelle scienze chimiche e farmaceutiche"
"231","University and higher education teachers","2.6.2.1.4","Ricercatori e tecnici laureati nelle scienze della terra"
"231","University and higher education teachers","2.6.2.2.1","Ricercatori e tecnici laureati nelle scienze biologiche"
"231","University and higher education teachers","2.6.2.2.2","Ricercatori e tecnici laureati nelle scienze agrarie, zootecniche e della produzione animale"
"231","University and higher education teachers","2.6.2.2.3","Ricercatori e tecnici laureati nelle scienze mediche"
"231","University and higher education teachers","2.6.2.3.1","Ricercatori e tecnici laureati nelle scienze ingegneristiche civili e dell’architettura"
"231","University and higher education teachers","2.6.2.3.2","Ricercatori e tecnici laureati nelle scienze ingegneristiche industriali e dell’informazione"
"231","University and higher education teachers","2.6.2.4.0","Ricercatori e tecnici laureati nelle scienze dell’antichità, filologico-letterarie e storicoartistiche"
"231","University and higher education teachers","2.6.2.5.1","Ricercatori e tecnici laureati nelle scienze storiche e filosofiche"
"231","University and higher education teachers","2.6.2.5.2","Ricercatori e tecnici laureati nelle scienze pedagogiche e psicologiche"
"231","University and higher education teachers","2.6.2.6.0","Ricercatori e tecnici laureati nelle scienze economiche e statistiche"
"231","University and higher education teachers","2.6.2.7.1","Ricercatori e tecnici laureati nelle scienze giuridiche"
"231","University and higher education teachers","2.6.2.7.2","Ricercatori e tecnici laureati nelle scienze politiche e sociali"
"231","University and higher education teachers","2.6.3.1.1","Professori di discipline artistiche nelle accademie di belle arti e nelle istituzioni scolastiche assimilate"
"231","University and higher education teachers","2.6.3.1.2","Professori di discipline musicali nei conservatori e nelle istituzioni scolastiche assimilate"
"231","University and higher education teachers","2.6.3.1.3","Professori di arte drammatica e danza nelle accademie e nelle istituzioni scolastiche assimilate"
"232","Vocational education teachers","2.6.5.3.1","Docenti della formazione e dell’aggiornamento professionale"
"232","Vocational education teachers","3.4.2.2.0","Insegnanti nella formazione professionale"
"233","Secondary education teachers","2.6.3.2.1","Professori di scienze matematiche, fisiche e chimiche nella scuola secondaria superiore"
"233","Secondary education teachers","2.6.3.2.2","Professori di scienze della vita e della salute nella scuola secondaria superiore"
"233","Secondary education teachers","2.6.3.2.3","Professori di discipline tecnicoingegneristiche nella scuola secondaria superiore"
"233","Secondary education teachers","2.6.3.2.4","Professori di scienze dell’informazione nella scuola secondaria superiore"
"233","Secondary education teachers","2.6.3.2.5","Professori di scienze letterarie, artistiche, storiche, filosofiche, pedagogiche e psicologiche nella scuola secondaria superiore"
"233","Secondary education teachers","2.6.3.2.6","Professori di scienze giuridiche, economiche e sociali nella scuola secondaria superiore"
"233","Secondary education teachers","2.6.3.3.1","Professori di discipline umanistiche nella scuola secondaria inferiore"
"233","Secondary education teachers","2.6.3.3.2","Professori di discipline tecniche e scientifiche nella scuola secondaria inferiore"
"234","Primary school and early childhood teachers","2.6.4.1.0","Professori di scuola primaria"
"234","Primary school and early childhood teachers","2.6.4.2.0","Professori di scuola pre-primaria"
"235","Other teaching professionals","2.6.5.1.0","Specialisti nell’educazione e nella formazione di soggetti diversamente abili"
"235","Other teaching professionals","2.6.5.2.0","Ispettori scolastici e professioni assimilate"
"235","Other teaching professionals","2.6.5.3.2","Esperti della progettazione formativa e curricolare"
"235","Other teaching professionals","2.6.5.5.1","Insegnanti di arti figurative"
"235","Other teaching professionals","2.6.5.5.2","Insegnanti di danza"
"235","Other teaching professionals","2.6.5.5.3","Insegnanti di canto"
"235","Other teaching professionals","2.6.5.5.4","Insegnanti di strumenti musicali"
"235","Other teaching professionals","2.6.5.5.5","Insegnanti di lingue"
"235","Other teaching professionals","3.4.2.3.0","Istruttori di tecniche in campo artistico"
"235","Other teaching professionals","5.4.1.1.0","Maestri di arti e mestieri"
"241","Finance professionals","2.5.1.4.1","Specialisti in contabilità"
"241","Finance professionals","2.5.1.4.2","Fiscalisti e tributaristi"
"241","Finance professionals","2.5.1.4.3","Specialisti in attività finanziarie"
"242","Administration professionals","2.5.1.1.1","Specialisti della gestione nella Pubblica Amministrazione"
"242","Administration professionals","2.5.1.1.2","Specialisti del controllo nella Pubblica  Amministrazione"
"242","Administration professionals","2.5.1.1.3","Specialisti in pubblica sicurezza"
"242","Administration professionals","2.5.1.2.0","Specialisti della gestione e del controllo nelle imprese private"
"242","Administration professionals","2.5.1.3.1","Specialisti in risorse umane"
"242","Administration professionals","2.5.1.3.2","Specialisti dell’organizzazione del lavoro"
"243","Sales, marketing and public relations professionals","2.5.1.6.0","Specialisti delle relazioni pubbliche, dell’immagine e professioni assimilate"
"243","Sales, marketing and public relations professionals","2.5.1.5.1","Specialisti nell’acquisizione di beni e servizi"
"243","Sales, marketing and public relations professionals","2.5.1.5.2","Specialisti nella commercializzazione di beni e servizi (escluso il settore ICT)"
"243","Sales, marketing and public relations professionals","2.5.1.5.3","Specialisti nella commercializzazione nel settore delle tecnologie dell’informazione e della comunicazione"
"243","Sales, marketing and public relations professionals","2.5.1.5.4","Analisti di mercato"
"251","Software and applications developers and analysts","2.1.1.4.1","Analisti e progettisti di software"
"251","Software and applications developers and analysts","2.1.1.4.2","Analisti di sistema"
"251","Software and applications developers and analysts","2.1.1.4.3","Analisti e progettisti di applicazioni web"
"252","Database and network professionals","2.1.1.5.1","Specialisti in reti e comunicazioni informatiche"
"252","Database and network professionals","2.1.1.5.2","Analisti e progettisti di basi dati"
"252","Database and network professionals","2.1.1.5.3","Amministratori di sistemi"
"252","Database and network professionals","2.1.1.5.4","Specialisti in sicurezza informatica"
"261","Legal professionals","2.5.2.1.0","Avvocati"
"261","Legal professionals","2.5.2.2.1","Esperti legali in imprese"
"261","Legal professionals","2.5.2.2.2","Esperi legali in enti pubblici"
"261","Legal professionals","2.5.2.3.0","Notai"
"261","Legal professionals","2.5.2.4.0","Magistrati"
"262","Librarians, archivists and curators","2.5.4.5.1","Archivisti"
"262","Librarians, archivists and curators","2.5.4.5.2","Bibliotecari"
"262","Librarians, archivists and curators","2.5.4.5.3","Curatori e conservatori di musei"
"263","Social and religious professionals","2.5.3.2.1","Esperti nello studio, nella gestione e nel controllo dei fenomeni sociali"
"263","Social and religious professionals","2.5.3.1.1","Specialisti dei sistemi economici"
"263","Social and religious professionals","2.5.3.1.2","Specialisti dell’economia aziendale"
"263","Social and religious professionals","2.5.3.2.2","Antropologi"
"263","Social and religious professionals","2.5.3.2.3","Geografi"
"263","Social and religious professionals","2.5.3.2.4","Archeologi"
"263","Social and religious professionals","2.5.3.3.1","Psicologi clinici e psicoterapeuti"
"263","Social and religious professionals","2.5.3.3.2","Psicologi dello sviluppo e dell’educazione"
"263","Social and religious professionals","2.5.3.3.3","Psicologi del lavoro e delle organizzazioni"
"263","Social and religious professionals","2.5.3.4.1","Storici"
"263","Social and religious professionals","2.5.3.4.2","Esperti d’arte"
"263","Social and religious professionals","2.5.3.4.3","Specialisti in scienza politica"
"263","Social and religious professionals","2.5.3.4.4","Filosofi"
"263","Social and religious professionals","2.5.6.1.0","Specialisti in discipline religiose e teologiche"
"263","Social and religious professionals","2.6.5.4.0","Consiglieri dell’orientamento"
"264","Authors, journalists and linguists","2.5.4.1.1","Scrittori e poeti"
"264","Authors, journalists and linguists","2.5.4.1.2","Dialoghisti e parolieri"
"264","Authors, journalists and linguists","2.5.4.1.3","Redattori di testi per la pubblicità"
"264","Authors, journalists and linguists","2.5.4.1.4","Redattori di testi tecnici"
"264","Authors, journalists and linguists","2.5.4.2.0","Giornalisti"
"264","Authors, journalists and linguists","2.5.4.3.0","Interpreti e traduttori di livello elevato"
"264","Authors, journalists and linguists","2.5.4.4.1","Linguisti e filologi"
"264","Authors, journalists and linguists","2.5.4.4.2","Revisori di testi"
"264","Authors, journalists and linguists","2.5.5.2.4","Sceneggiatori"
"265","Creative and performing artists","2.5.5.1.1","Pittori e scultori"
"265","Creative and performing artists","2.5.5.1.2","Disegnatori artistici e illustratori"
"265","Creative and performing artists","2.5.5.1.5","Restauratori di beni culturali"
"265","Creative and performing artists","2.5.5.2.1","Registi"
"265","Creative and performing artists","2.5.5.2.2","Attori"
"265","Creative and performing artists","2.5.5.2.3","Direttori artistici"
"265","Creative and performing artists","2.5.5.2.5","Scenografi"
"265","Creative and performing artists","2.5.5.3.1","Coreografi"
"265","Creative and performing artists","2.5.5.3.2","Ballerini"
"265","Creative and performing artists","2.5.5.4.1","Compositori"
"265","Creative and performing artists","2.5.5.4.2","Direttori d’orchestra e coro"
"265","Creative and performing artists","2.5.5.4.3","Strumentisti"
"265","Creative and performing artists","2.5.5.4.4","Cantanti"
"265","Creative and performing artists","2.5.5.5.1","Artisti delle forme di cultura popolare"
"265","Creative and performing artists","2.5.5.5.2","Artisti di varietà"
"265","Creative and performing artists","2.5.5.5.3","Acrobati e artisti circensi"
"265","Creative and performing artists","3.4.3.1.1","Annunciatori della radio e della televisione"
"265","Creative and performing artists","3.4.3.1.2","Presentatori di performance artistiche e ricreative"
"265","Creative and performing artists","3.4.3.2.0","Tecnici dell’organizzazione della produzione radiotelevisiva, cinematografica e teatrale"
"265","Creative and performing artists","3.4.4.4.0","Tecnici del restauro"
"311","Physical and engineering science technicians","3.1.1.1.1","Tecnici geologici"
"311","Physical and engineering science technicians","3.1.1.1.2","Tecnici fisici e nucleari"
"311","Physical and engineering science technicians","3.1.1.2.0","Tecnici chimici"
"311","Physical and engineering science technicians","3.1.3.1.0","Tecnici meccanici"
"311","Physical and engineering science technicians","3.1.3.2.1","Tecnici dei prodotti ceramici"
"311","Physical and engineering science technicians","3.1.3.2.2","Tecnici minerari"
"311","Physical and engineering science technicians","3.1.3.2.3","Tecnici metallurgici"
"311","Physical and engineering science technicians","3.1.3.3.0","Elettrotecnici"
"311","Physical and engineering science technicians","3.1.3.4.0","Tecnici elettronici"
"311","Physical and engineering science technicians","3.1.3.5.0","Tecnici delle costruzioni civili e professioni assimilate"
"311","Physical and engineering science technicians","3.1.3.6.0","Tecnici del risparmio energetico e delle energie rinnovabili"
"311","Physical and engineering science technicians","3.1.3.7.1","Disegnatori tecnici"
"311","Physical and engineering science technicians","3.1.3.7.2","Disegnatori tessili"
"311","Physical and engineering science technicians","3.1.3.7.3","Rilevatori e disegnatori di prospezioni"
"312","Mining, manufacturing and construction supervisors","3.1.5.1.0","Tecnici di produzione in miniere e cave"
"312","Mining, manufacturing and construction supervisors","3.1.5.2.0","Tecnici della gestione di cantieri edili"
"312","Mining, manufacturing and construction supervisors","3.1.5.3.0","Tecnici della produzione manifatturiera"
"312","Mining, manufacturing and construction supervisors","3.1.5.4.2","Tecnici della produzione alimentare"
"313","Process control technicians","3.1.4.1.1","Tecnici della conduzione e del controllo di impianti di produzione dei metalli"
"313","Process control technicians","3.1.4.1.2","Tecnici della conduzione e del controllo di impianti chimici"
"313","Process control technicians","3.1.4.1.3","Tecnici della conduzione e del controllo di impianti di produzione della carta"
"313","Process control technicians","3.1.4.1.4","Tecnici della conduzione e del controllo di impianti di trattamento delle acque"
"313","Process control technicians","3.1.4.1.5","Tecnici della conduzione e del controllo di catene di montaggio automatiche"
"313","Process control technicians","3.1.4.2.1","Tecnici della produzione di energia termica ed elettrica"
"313","Process control technicians","3.1.4.2.2","Tecnici dell’esercizio di reti idriche e di altri fluidi"
"313","Process control technicians","3.1.4.2.3","Tecnici dell’esercizio di reti di distribuzione di energia elettrica"
"313","Process control technicians","7.1.6.2.1","Operatori di impianti di recupero e riciclaggio dei rifiuti"
"313","Process control technicians","7.1.6.2.2","Operatori di impianti per la depurazione, la potabilizzazione e la distribuzione delle acque"
"313","Process control technicians","7.1.7.1.0","Operatori di catene di montaggio automatizzate"
"314","Life science technicians and related associate professionals","3.2.2.1.1","Tecnici agronomi"
"314","Life science technicians and related associate professionals","3.2.2.1.2","Tecnici forestali"
"314","Life science technicians and related associate professionals","3.2.2.2.0","Zootecnici"
"314","Life science technicians and related associate professionals","3.2.2.3.1","Tecnici di laboratorio biochimico"
"315","Ship and aircraft controllers and technicians","3.1.6.1.1","Comandanti navali"
"315","Ship and aircraft controllers and technicians","3.1.6.1.2","Ufficiali e assistenti di bordo"
"315","Ship and aircraft controllers and technicians","3.1.6.1.3","Piloti navali"
"315","Ship and aircraft controllers and technicians","3.1.6.2.1","Piloti e ufficiali di aeromobili"
"315","Ship and aircraft controllers and technicians","3.1.6.2.2","Tecnici avionici"
"315","Ship and aircraft controllers and technicians","3.1.6.2.3","Tecnici aerospaziali"
"315","Ship and aircraft controllers and technicians","3.1.6.3.1","Controllori di volo"
"315","Ship and aircraft controllers and technicians","3.1.6.3.2","Tecnici del traffico aeroportuale"
"315","Ship and aircraft controllers and technicians","3.4.2.1.1","Istruttori di volo"
"321","Medical and pharmaceutical technicians","3.1.7.3.0","Tecnici di apparati medicali e per la diagnostica medica"
"321","Medical and pharmaceutical technicians","3.2.1.3.2","Tecnici sanitari di laboratorio biomedico"
"321","Medical and pharmaceutical technicians","3.2.1.3.3","Tecnici sanitari di radiologia medica"
"321","Medical and pharmaceutical technicians","3.2.1.3.4","Tecnici di neurofisiopatologia"
"321","Medical and pharmaceutical technicians","3.2.1.4.1","Tecnici ortopedici"
"321","Medical and pharmaceutical technicians","3.2.1.4.2","Tecnici audioprotesisti"
"321","Medical and pharmaceutical technicians","3.2.1.6.2","Odontotecnici"
"322","Nursing and midwifery associate professionals","3.2.1.1.1","Professioni sanitarie infermieristiche"
"322","Nursing and midwifery associate professionals","3.2.1.1.2","Professioni sanitarie ostetriche"
"324","Veterinary technicians and assistants","3.2.2.3.3","Tecnici di laboratorio veterinario"
"325","Other health associate professionals","3.2.1.6.1","Ottici e ottici optometristi"
"325","Other health associate professionals","3.1.8.1.0","Tecnici della sicurezza degli impianti"
"325","Other health associate professionals","3.1.8.2.0","Tecnici della sicurezza sul lavoro"
"325","Other health associate professionals","3.1.8.3.1","Tecnici del controllo ambientale"
"325","Other health associate professionals","3.1.8.3.2","Tecnici della raccolta e trattamento dei rifiuti e della bonifica ambientale"
"325","Other health associate professionals","3.2.1.2.1","Podologi"
"325","Other health associate professionals","3.2.1.2.2","Fisioterapisti"
"325","Other health associate professionals","3.2.1.2.3","Logopedisti"
"325","Other health associate professionals","3.2.1.2.4","Ortottisti - assistenti di oftalmologia"
"325","Other health associate professionals","3.2.1.2.5","Terapisti della neuro e psicomotricità dell’età evolutiva"
"325","Other health associate professionals","3.2.1.2.6","Tecnici riabilitazione psichiatrica"
"325","Other health associate professionals","3.2.1.2.7","Educatori professionali"
"325","Other health associate professionals","3.2.1.2.8","Terapisti occupazionali"
"325","Other health associate professionals","3.2.1.3.1","Tecnici audiometristi"
"325","Other health associate professionals","3.2.1.4.3","Igienisti dentali"
"325","Other health associate professionals","3.2.1.4.4","Tecnici della fisiopatologia cardiocircolatoria e della perfusione cardiovascolare"
"325","Other health associate professionals","3.2.1.4.5","Dietisti"
"325","Other health associate professionals","3.2.1.5.1","Tecnici della prevenzione nell’ambiente e nei luoghi di lavoro"
"325","Other health associate professionals","3.2.1.5.2","Assistenti sanitari"
"325","Other health associate professionals","3.2.1.7.0","Tecnici della medicina popolare"
"325","Other health associate professionals","3.2.2.3.2","Tecnici dei prodotti alimentari"
"331","Financial and mathematical associate professionals","3.1.1.3.0","Tecnici statistici"
"331","Financial and mathematical associate professionals","3.3.1.2.1","Contabili"
"331","Financial and mathematical associate professionals","3.3.1.2.2","Economi e tesorieri"
"331","Financial and mathematical associate professionals","3.3.1.2.3","Amministratore di stabili e condomini"
"331","Financial and mathematical associate professionals","3.3.2.1.0","Tecnici della gestione finanziaria"
"331","Financial and mathematical associate professionals","3.3.2.2.0","Tecnici del lavoro bancario"
"331","Financial and mathematical associate professionals","3.3.2.4.0","Periti, valutatori di rischio e liquidatori"
"331","Financial and mathematical associate professionals","3.3.3.3.2","Periti commerciali"
"331","Financial and mathematical associate professionals","3.4.4.3.1","Stimatori di opere d’arte"
"331","Financial and mathematical associate professionals","3.4.4.3.2","Periti filatelici e numismatici"
"331","Financial and mathematical associate professionals","3.4.4.3.3","Periti calligrafi"
"332","Sales and purchasing agents and brokers","3.3.2.3.0","Agenti assicurativi"
"332","Sales and purchasing agents and brokers","3.3.2.5.0","Agenti di borsa e cambio, tecnici dell’intermediazione titoli e professioni assimilate"
"332","Sales and purchasing agents and brokers","3.3.2.6.1","Tecnici dei contratti di scambio, a premi e del recupero crediti"
"332","Sales and purchasing agents and brokers","3.3.2.6.2","Tecnici della locazione finanziaria"
"332","Sales and purchasing agents and brokers","3.3.3.1.0","Approvvigionatori e responsabili acquisti"
"332","Sales and purchasing agents and brokers","3.3.3.4.0","Tecnici della vendita e della distribuzione"
"332","Sales and purchasing agents and brokers","3.3.4.2.0","Agenti di commercio"
"332","Sales and purchasing agents and brokers","3.3.4.6.0","Rappresentanti di commercio"
"333","Business services agents","3.3.3.2.0","Responsabili di magazzino e della distribuzione interna"
"333","Business services agents","3.3.3.3.1","Commissari e aggiudicatori d’asta"
"333","Business services agents","3.3.3.5.0","Tecnici del marketing"
"333","Business services agents","3.3.3.6.1","Tecnici della pubblicità"
"333","Business services agents","3.3.3.6.2","Tecnici delle pubbliche relazioni"
"333","Business services agents","3.3.4.1.0","Spedizionieri e tecnici dell’organizzazione commerciale"
"333","Business services agents","3.3.4.3.0","Agenti concessionari"
"333","Business services agents","3.3.4.4.0","Agenti di pubblicità"
"333","Business services agents","3.3.4.5.0","Agenti e periti immobiliari"
"333","Business services agents","3.3.4.7.0","Agenti e rappresentanti di artisti ed atleti"
"333","Business services agents","3.4.1.1.0","Tecnici delle attività ricettive e professioni assimilate"
"333","Business services agents","3.4.1.2.1","Organizzatori di fiere, esposizioni ed eventi culturali"
"333","Business services agents","3.4.1.2.2","Organizzatori di convegni e ricevimenti"
"333","Business services agents","3.4.5.3.0","Tecnici dei servizi per l’impiego"
"334","Administrative and specialised secretaries","3.1.5.5.0","Tecnici della produzione di servizi"
"334","Administrative and specialised secretaries","3.3.1.1.1","Segretari amministrativi e tecnici degli affari generali"
"334","Administrative and specialised secretaries","3.3.1.4.0","Corrispondenti in lingue estere e professioni assimilate"
"334","Administrative and specialised secretaries","3.3.1.5.0","Tecnici dell’organizzazione e della gestione dei fattori produttivi"
"335","Regulatory government associate professionals","3.4.6.3.1","Tecnici dei servizi di sicurezza dei vigili urbani"
"335","Regulatory government associate professionals","3.4.6.3.2","Tecnici dei servizi di sicurezza dei vigili del fuoco"
"335","Regulatory government associate professionals","3.4.6.3.3","Tecnici dei servizi di sicurezza del corpo forestale"
"335","Regulatory government associate professionals","3.4.6.4.0","Ufficiali della guardia di finanza"
"335","Regulatory government associate professionals","3.4.6.2.0","Ufficiali della Polizia di Stato"
"335","Regulatory government associate professionals","3.4.6.5.0","Controllori fiscali"
"335","Regulatory government associate professionals","3.4.6.6.1","Tecnici dei servizi pubblici di concessioni licenze"
"335","Regulatory government associate professionals","3.4.6.6.2","Tecnici dei servizi pubblici per il rilascio di certificazioni e documentazioni personali"
"341","Legal, social and religious associate professionals","3.4.5.1.0","Assistenti sociali"
"341","Legal, social and religious associate professionals","3.4.5.2.0","Tecnici del reinserimento e dell’integrazione sociale"
"341","Legal, social and religious associate professionals","3.4.5.5.0","Tecnici delle attività religiose e di culto"
"341","Legal, social and religious associate professionals","3.4.6.1.0","Tecnici dei servizi giudiziari"
"342","Sports and fitness workers","3.4.1.3.0","Animatori turistici e professioni assimilate"
"342","Sports and fitness workers","3.4.1.5.1","Guide ed accompagnatori naturalistici e sportivi"
"342","Sports and fitness workers","3.4.2.1.3","Istruttori di nautica"
"342","Sports and fitness workers","3.4.2.4.0","Istruttori di discipline sportive non agonistiche"
"342","Sports and fitness workers","3.4.2.5.1","Organizzatori di eventi e di strutture sportive"
"342","Sports and fitness workers","3.4.2.5.2","Osservatori sportivi"
"342","Sports and fitness workers","3.4.2.6.1","Allenatori e tecnici sportivi"
"342","Sports and fitness workers","3.4.2.6.2","Arbitri e giudici di gara"
"342","Sports and fitness workers","3.4.2.7.0","Atleti"
"343","Artistic, cultural and culinary associate professionals","3.1.5.4.1","Tecnici della preparazione alimentare"
"343","Artistic, cultural and culinary associate professionals","3.1.7.1.0","Fotografi e professioni assimilate"
"343","Artistic, cultural and culinary associate professionals","3.3.1.1.2","Assistenti di archivio e di biblioteca"
"343","Artistic, cultural and culinary associate professionals","3.4.3.3.0","Intrattenitori"
"343","Artistic, cultural and culinary associate professionals","3.4.4.1.2","Allestitori di scena"
"343","Artistic, cultural and culinary associate professionals","3.4.4.2.1","Tecnici dei musei"
"343","Artistic, cultural and culinary associate professionals","3.4.4.2.2","Tecnici delle biblioteche"
"351","Information and communications technology operations and user support technicians","3.1.2.1.0","Tecnici programmatori"
"351","Information and communications technology operations and user support technicians","3.1.2.2.0","Tecnici esperti in applicazioni"
"351","Information and communications technology operations and user support technicians","3.1.2.3.0","Tecnici web"
"351","Information and communications technology operations and user support technicians","3.1.2.4.0","Tecnici gestori di basi di dati"
"351","Information and communications technology operations and user support technicians","3.1.2.5.0","Tecnici gestori di reti e di sistemi telematici"
"352","Telecommunications and broadcasting technicians","3.1.2.6.1","Tecnici per le telecomunicazioni"
"352","Telecommunications and broadcasting technicians","3.1.2.6.2","Tecnici delle trasmissioni radio-televisive"
"352","Telecommunications and broadcasting technicians","3.1.7.2.1","Tecnici degli apparati audio-video e della ripresa video-cinematografica"
"352","Telecommunications and broadcasting technicians","3.1.7.2.2","Tecnici del suono"
"352","Telecommunications and broadcasting technicians","3.1.7.2.3","Tecnici del montaggio audio-videocinematografico"
"411","General office clerks","4.1.1.2.0","Addetti agli affari generali"
"411","General office clerks","4.1.1.3.0","Addetti al protocollo e allo smistamento di documenti"
"411","General office clerks","4.4.1.1.0","Personale addetto a compiti di controllo, verifica e professioni assimilate"
"412","Secretaries (general)","4.1.1.1.0","Addetti a funzioni di segreteria"
"413","Keyboard operators","4.1.2.1.0","Addetti alla videoscrittura, dattilografi, stenografi e professioni assimilate"
"413","Keyboard operators","4.1.2.2.0","Addetti all’immissione dati"
"421","Tellers, money collectors and related clerks","4.2.1.1.0","Addetti agli sportelli assicurativi, bancari e di altri intermediari finanziari"
"421","Tellers, money collectors and related clerks","4.2.1.2.0","Addetti agli sportelli dei servizi postali"
"421","Tellers, money collectors and related clerks","4.2.1.3.0","Addetti agli sportelli per l’esazione di imposte e contributi e al recupero crediti"
"421","Tellers, money collectors and related clerks","4.2.1.4.0","Addetti agli sportelli delle agenzie di pegno e professioni assimilate"
"421","Tellers, money collectors and related clerks","4.3.2.5.0","Addetti agli uffici interni di cassa"
"421","Tellers, money collectors and related clerks","5.4.2.2.1","Allibratori"
"421","Tellers, money collectors and related clerks","5.4.2.2.2","Croupiers"
"421","Tellers, money collectors and related clerks","5.4.2.2.3","Ricevitori"
"422","Client information workers","3.3.1.3.1","Tecnici dell’acquisizione delle informazioni"
"422","Client information workers","3.3.1.3.2","Intervistatori e rilevatori professionali"
"422","Client information workers","3.4.1.4.0","Agenti di viaggio"
"422","Client information workers","4.2.1.6.0","Addetti agli sportelli delle agenzie di viaggio"
"422","Client information workers","4.2.2.1.0","Addetti all’accoglienza e all’informazione nelle imprese e negli enti pubblici"
"422","Client information workers","4.2.2.2.0","Addetti all’accoglienza nei servizi di alloggio e ristorazione"
"422","Client information workers","4.2.2.3.0","Centralinisti"
"422","Client information workers","4.2.2.4.0","Addetti all’informazione nei Call Center (senza funzioni di vendita)"
"422","Client information workers","5.1.3.4.0","Addetti all’informazione e all’assistenza dei clienti"
"431","Numerical clerks","4.3.2.1.0","Addetti alla contabilità"
"431","Numerical clerks","4.3.2.2.0","Addetti alle buste paga"
"431","Numerical clerks","4.3.2.3.0","Addetti alle operazioni finanziarie per conto dell’impresa o dell’organizzazione"
"431","Numerical clerks","4.3.2.4.0","Addetti ai servizi statistici"
"432","Material-recording and transport clerks","3.1.6.4.0","Tecnici dell’organizzazione del traffico ferroviario"
"432","Material-recording and transport clerks","3.1.6.5.0","Tecnici dell’organizzazione del traffico portuale"
"432","Material-recording and transport clerks","4.3.1.1.0","Addetti alla gestione degli acquisti"
"432","Material-recording and transport clerks","4.3.1.2.0","Addetti alla gestione dei magazzini e professioni assimilate"
"432","Material-recording and transport clerks","4.3.1.3.0","Addetti alla gestione amministrativa dei trasporti merci"
"432","Material-recording and transport clerks","4.4.1.2.0","Addetti al controllo della documentazione di viaggio"
"441","Other clerical support workers","4.1.1.4.0","Addetti alla gestione del personale"
"441","Other clerical support workers","4.1.2.3.0","Addetti alle macchine per la riproduzione e l’invio di materiali e documenti"
"441","Other clerical support workers","4.4.1.3.0","Addetti allo smistamento e al recapito della posta"
"441","Other clerical support workers","4.4.2.1.0","Addetti ad archivi, schedari e professioni assimilate"
"441","Other clerical support workers","4.4.2.2.0","Addetti a biblioteche e professioni assimilate"
"441","Other clerical support workers","5.4.6.2.0","Addetti di agenzie per il disbrigo di pratiche e professioni assimilate"
"511","Travel attendants, conductors and guides","3.4.1.5.2","Guide turistiche"
"511","Travel attendants, conductors and guides","5.2.3.1.1","Assistenti di volo"
"511","Travel attendants, conductors and guides","5.2.3.1.2","Assistenti di viaggio e crociera"
"511","Travel attendants, conductors and guides","5.2.3.1.3","Assistenti congressuali e fieristici"
"511","Travel attendants, conductors and guides","5.2.3.2.0","Accompagnatori turistici"
"512","Cooks","5.2.2.1.0","Cuochi in alberghi e ristoranti"
"512","Cooks","5.2.2.2.1","Addetti alla preparazione e alla cottura di cibi in imprese per la ristorazione collettiva"
"513","Waiters and bartenders","5.2.2.4.0","Baristi e professioni assimilate"
"513","Waiters and bartenders","5.2.2.3.1","Camerieri di albergo"
"513","Waiters and bartenders","5.2.2.3.2","Camerieri di ristorante"
"514","Hairdressers, beauticians and related workers","5.4.3.1.0","Acconciatori"
"514","Hairdressers, beauticians and related workers","5.4.3.2.0","Estetisti e truccatori"
"514","Hairdressers, beauticians and related workers","5.4.3.3.0","Massaggiatori ed operatori termali"
"515","Building and housekeeping supervisors","5.2.1.1.0","Esercenti nelle attività ricettive"
"516","Other personal services workers","3.4.2.1.2","Istruttori di guida automobilistica"
"516","Other personal services workers","5.4.2.3.0","Astrologi, preveggenti, chiromanti e professioni assimilate"
"516","Other personal services workers","5.4.4.1.0","Personale di compagnia e personale qualificato di servizio alle famiglie"
"516","Other personal services workers","5.4.5.1.0","Addestratori di animali"
"516","Other personal services workers","5.4.5.2.0","Custodi e allevatori di animali domestici e da esposizione"
"516","Other personal services workers","5.4.7.2.0","Addetti alle agenzie di pompe funebri"
"521","Street and market salespersons","5.1.1.2.2","Esercenti delle vendite al minuto nei mercati e in posti assegnati"
"522","Shop salespersons","5.1.1.2.1","Esercenti delle vendite al minuto in negozi"
"522","Shop salespersons","5.1.1.3.0","Esercenti di distributori di carburanti ed assimilati"
"522","Shop salespersons","5.1.2.1.0","Commessi delle vendite all’ingrosso"
"522","Shop salespersons","5.1.2.2.0","Commessi delle vendite al minuto"
"522","Shop salespersons","5.1.2.3.0","Addetti ad attività organizzative delle vendite"
"522","Shop salespersons","5.1.3.3.0","Vetrinisti e professioni assimilate"
"523","Cashiers and ticket clerks","4.2.1.5.0","Addetti alla vendita di biglietti"
"523","Cashiers and ticket clerks","5.1.2.4.0","Cassieri di esercizi commerciali"
"524","Other sales workers","5.1.2.5.1","Venditori a domicilio"
"524","Other sales workers","5.1.2.5.2","Venditori a distanza"
"524","Other sales workers","5.1.2.6.0","Addetti ai distributori di carburanti ed assimilati"
"524","Other sales workers","5.1.3.1.0","Indossatori, modelli e professioni assimilate"
"524","Other sales workers","5.1.3.2.0","Dimostratori e professioni assimilate"
"524","Other sales workers","5.2.2.2.3","Addetti al banco nei servizi di ristorazione"
"531","Child care workers and teachers’ aides","5.4.4.2.0","Addetti alla sorveglianza di bambini e professioni assimilate"
"532","Personal care workers in health services","5.3.1.1.0","Professioni qualificate nei servizi sanitari e sociali"
"532","Personal care workers in health services","5.4.4.3.0","Addetti all’assistenza personale"
"541","Protective services workers","3.4.5.4.0","Tecnici dei servizi di sicurezza privati e professioni assimilate"
"541","Protective services workers","5.4.8.1.0","Personale di guardiania territoriale"
"541","Protective services workers","5.4.8.2.0","Vigili urbani"
"541","Protective services workers","5.4.8.3.1","Agenti della Polizia di Stato"
"541","Protective services workers","5.4.8.3.2","Agenti della Guardia di Finanza"
"541","Protective services workers","5.4.8.3.3","Agenti del corpo forestale"
"541","Protective services workers","5.4.8.4.1","Vigili del fuoco"
"541","Protective services workers","5.4.8.4.2","Personale delle squadre antincendio"
"541","Protective services workers","5.4.8.5.0","Agenti di istituti di pena e rieducazione"
"541","Protective services workers","5.4.8.6.0","Guardie private di sicurezza"
"541","Protective services workers","5.4.8.7.0","Bagnini e professioni assimilate"
"611","Market gardeners and crop growers","1.3.1.1.0","Imprenditori e responsabili di piccole aziende che operano nell’agricoltura, nell’allevamento, nella silvicoltura, nella caccia e nella pesca"
"611","Market gardeners and crop growers","6.4.1.1.0","Agricoltori e operai agricoli specializzati di colture in pieno campo"
"611","Market gardeners and crop growers","6.4.1.2.0","Agricoltori e operai agricoli specializzati di coltivazioni legnose agrarie"
"611","Market gardeners and crop growers","6.4.1.3.1","Agricoltori e operai agricoli specializzati di giardini e vivai, di coltivazioni di fiori e piante ornamentali"
"611","Market gardeners and crop growers","6.4.1.3.2","Agricoltori e operai agricoli specializzati di coltivazioni ortive in serra, di ortive protette o di orti stabili"
"611","Market gardeners and crop growers","6.4.1.4.0","Agricoltori e operai agricoli specializzati di colture miste"
"612","Animal producers","6.4.2.1.0","Allevatori e operai specializzati degli allevamenti di bovini ed equini"
"612","Animal producers","6.4.2.2.0","Allevatori e operai specializzati degli allevamenti di ovini e caprini"
"612","Animal producers","6.4.2.3.0","Allevatori e operai specializzati degli allevamenti di suini"
"612","Animal producers","6.4.2.4.0","Allevatori e operai specializzati degli allevamenti avicoli"
"612","Animal producers","6.4.2.5.0","Allevatore di bestiame misto"
"612","Animal producers","6.4.2.6.0","Allevatori e operai specializzati degli allevamenti di insetti"
"612","Animal producers","6.4.2.9.0","Altri allevatori e operai specializzati della zootecnia"
"613","Mixed crop and animal producers","6.4.3.1.0","Allevatori e agricoltori"
"621","Forestry and related workers","6.4.4.1.1","Abbattitori di alberi e rimboschitori"
"621","Forestry and related workers","6.4.4.1.2","Sugherai e raccoglitori di resine"
"622","Fishery workers, hunters and trappers","6.4.5.1.0","Acquacoltori"
"622","Fishery workers, hunters and trappers","6.4.5.2.0","Pescatori della pesca costiera e in acque interne"
"622","Fishery workers, hunters and trappers","6.4.5.3.0","Pescatori d’alto mare"
"622","Fishery workers, hunters and trappers","6.4.5.4.0","Cacciatori"
"711","Building frame and related trades workers","6.1.1.2.0","Tagliatori e levigatori di pietre, scalpellini e marmisti"
"711","Building frame and related trades workers","6.1.2.1.0","Muratori in pietra e mattoni"
"711","Building frame and related trades workers","6.1.2.2.1","Casseronisti/Cassonisti"
"711","Building frame and related trades workers","6.1.2.2.2","Muratori e formatori in calcestruzzo"
"711","Building frame and related trades workers","6.1.2.3.0","Carpentieri e falegnami edili"
"711","Building frame and related trades workers","6.1.2.4.0","Ponteggiatori"
"711","Building frame and related trades workers","6.1.2.5.1","Armatori di gallerie e pozzi"
"711","Building frame and related trades workers","6.1.2.5.2","Armatori di ferrovie"
"711","Building frame and related trades workers","6.1.2.6.1","Asfaltisti"
"711","Building frame and related trades workers","6.1.2.6.2","Lastricatori e pavimentatori stradali"
"711","Building frame and related trades workers","6.1.2.7.0","Montatori di manufatti prefabbricati e di preformati"
"712","Building finishers and related trades workers","6.1.3.1.0","Copritetti e impermeabilizzatori di solai"
"712","Building finishers and related trades workers","6.1.3.2.1","Posatori di pavimenti"
"712","Building finishers and related trades workers","6.1.3.2.2","Rifinitori di pavimenti"
"712","Building finishers and related trades workers","6.1.3.2.3","Piastrellisti e rivestimentisti in pietra e materiali assimilati"
"712","Building finishers and related trades workers","6.1.3.2.4","Parchettisti e posatori di pavimenti e rivestimenti sintetici e in legno"
"712","Building finishers and related trades workers","6.1.3.3.0","Intonacatori"
"712","Building finishers and related trades workers","6.1.3.4.0","Installatori di impianti di isolamento e insonorizzazione"
"712","Building finishers and related trades workers","6.1.3.5.0","Vetrai"
"712","Building finishers and related trades workers","6.1.3.6.1","Idraulici nelle costruzioni civili"
"712","Building finishers and related trades workers","6.1.3.6.2","Installatori di impianti termici nelle costruzioni civili"
"712","Building finishers and related trades workers","6.1.3.8.0","Installatori di infissi e serramenti"
"712","Building finishers and related trades workers","6.2.3.5.1","Riparatori e manutentori di apparecchi e impianti termoidraulici industriali"
"712","Building finishers and related trades workers","6.2.3.5.2","Installatori e montatori di apparecchi e impianti termoidraulici industriali"
"713","Painters, building structure cleaners and related trades workers","6.1.4.1.1","Pittori edili"
"713","Painters, building structure cleaners and related trades workers","6.1.4.1.2","Decoratori e stuccatori edili"
"713","Painters, building structure cleaners and related trades workers","6.1.4.2.0","Pulitori di facciate"
"713","Painters, building structure cleaners and related trades workers","6.1.5.2.0","Operai addetti alla manutenzione degli impianti fognari"
"713","Painters, building structure cleaners and related trades workers","6.2.3.7.0","Verniciatori artigianali ed industriali"
"721","Sheet and structural metal workers, moulders and welders, and related workers","6.2.1.1.1","Fonditori"
"721","Sheet and structural metal workers, moulders and welders, and related workers","6.2.1.1.2","Formatori e animisti"
"721","Sheet and structural metal workers, moulders and welders, and related workers","6.2.1.2.0","Saldatori e tagliatori a fiamma"
"721","Sheet and structural metal workers, moulders and welders, and related workers","6.2.1.3.1","Lattonieri e calderai"
"721","Sheet and structural metal workers, moulders and welders, and related workers","6.2.1.3.2","Tracciatori"
"721","Sheet and structural metal workers, moulders and welders, and related workers","6.2.1.4.0","Carpentieri e montatori di carpenteria metallica"
"721","Sheet and structural metal workers, moulders and welders, and related workers","6.2.1.5.0","Attrezzatori e montatori di cavi metallici per uso industriale e di trasporto"
"721","Sheet and structural metal workers, moulders and welders, and related workers","6.2.1.7.0","Saldatori elettrici e a norme ASME"
"721","Sheet and structural metal workers, moulders and welders, and related workers","6.2.1.8.1","Carrozzieri"
"721","Sheet and structural metal workers, moulders and welders, and related workers","6.2.1.8.2","Stampatori e piegatori di lamiere"
"722","Blacksmiths, toolmakers and related trades workers","6.2.2.1.1","Fabbri"
"722","Blacksmiths, toolmakers and related trades workers","6.2.2.1.2","Fucinatori e forgiatori"
"722","Blacksmiths, toolmakers and related trades workers","6.2.2.2.0","Costruttori di utensili, modellatori e tracciatori meccanici"
"722","Blacksmiths, toolmakers and related trades workers","6.2.2.3.1","Attrezzisti di macchine utensili"
"722","Blacksmiths, toolmakers and related trades workers","6.2.2.3.2","Aggiustatori meccanici"
"722","Blacksmiths, toolmakers and related trades workers","7.2.1.1.0","Conduttori di macchine utensili automatiche e semiautomatiche industriali"
"723","Machinery mechanics and repairers","6.2.3.1.1","Meccanici motoristi e riparatori di veicoli a motore"
"723","Machinery mechanics and repairers","6.2.3.1.2","Gommisti"
"723","Machinery mechanics and repairers","6.2.3.1.3","Meccanici di biciclette e veicoli assimilati"
"723","Machinery mechanics and repairers","6.2.3.2.0","Meccanici, riparatori e manutentori di aerei"
"723","Machinery mechanics and repairers","6.2.3.3.1","Riparatori e manutentori di macchinari e impianti industriali"
"723","Machinery mechanics and repairers","6.2.3.3.2","Installatori e montatori di macchinari e impianti industriali"
"723","Machinery mechanics and repairers","6.2.3.4.1","Frigoristi industriali"
"723","Machinery mechanics and repairers","6.2.3.4.2","Frigoristi navali"
"723","Machinery mechanics and repairers","6.2.3.6.0","Meccanici collaudatori"
"723","Machinery mechanics and repairers","6.2.3.8.1","Attrezzisti navali"
"723","Machinery mechanics and repairers","6.2.3.8.2","Meccanici e motoristi navali"
"723","Machinery mechanics and repairers","6.5.5.1.0","Macchinisti ed attrezzisti di scena"
"731","Handicraft workers","6.3.1.1.0","Meccanici di precisione"
"731","Handicraft workers","6.3.1.2.0","Meccanici e riparatori di protesi, di ortesi, di tutori ortopedici e assimilati"
"731","Handicraft workers","6.3.1.3.1","Accordatori di strumenti musicali"
"731","Handicraft workers","6.3.1.3.2","Addetti alla costruzione e riparazione di strumenti musicali"
"731","Handicraft workers","6.3.1.4.0","Addetti alla costruzione e riparazione di orologi"
"731","Handicraft workers","6.3.1.5.1","Addetti alla produzione di lenti e occhiali"
"731","Handicraft workers","6.3.1.5.2","Addetti alla produzione di apparecchi ottici"
"731","Handicraft workers","6.3.1.6.1","Orafi"
"731","Handicraft workers","6.3.1.6.2","Addetti alla lavorazione di pietre preziose e dure"
"731","Handicraft workers","6.3.1.6.3","Addetti alla lavorazione di bigiotteria"
"731","Handicraft workers","6.3.2.1.1","Vasai e terracottai"
"731","Handicraft workers","6.3.2.1.2","Ceramisti"
"731","Handicraft workers","6.3.2.2.1","Soffiatori e modellatori del vetro"
"731","Handicraft workers","6.3.2.2.2","Tagliatori, molatori e levigatori del vetro"
"731","Handicraft workers","6.3.2.3.0","Incisori ed acquafortisti su vetro"
"731","Handicraft workers","6.3.2.4.0","Pittori e decoratori su vetro e ceramica"
"731","Handicraft workers","6.3.3.1.1","Cartapestai"
"731","Handicraft workers","6.3.3.1.2","Incisori e intarsiatori su legno"
"731","Handicraft workers","6.3.3.2.1","Artigiani di prodotti tessili artistici lavorati a mano"
"731","Handicraft workers","6.3.3.2.2","Artigiani di prodotti artistici in pelle e cuoio lavorati a mano"
"731","Handicraft workers","6.5.2.3.1","Impagliatori e lavoranti in vimini e setole"
"731","Handicraft workers","6.5.2.3.2","Cordai e intrecciatori di fibre"
"731","Handicraft workers","6.5.2.3.3","Lavoranti in giunco e canna"
"731","Handicraft workers","6.5.2.3.4","Lavoranti in sughero e spugna"
"731","Handicraft workers","6.5.3.1.0","Preparatori di fibre"
"731","Handicraft workers","6.5.3.2.1","Tessitori"
"731","Handicraft workers","6.5.3.2.2","Maglieristi"
"731","Handicraft workers","6.5.3.2.3","Tintori e addetti al trattamento chimico dei tessuti"
"732","Printing trades workers","6.3.4.1.0","Operatori delle attività poligrafiche di prestampa"
"732","Printing trades workers","6.3.4.2.0","Stampatori offset e alla rotativa"
"732","Printing trades workers","6.3.4.3.0","Zincografi, stereotipisti ed elettrotipisti"
"732","Printing trades workers","6.3.4.4.1","Artigiani acquafortisti"
"732","Printing trades workers","6.3.4.4.2","Litografi, serigrafisti e incisori tipografici"
"732","Printing trades workers","6.3.4.5.0","Rilegatori e rifinitori post stampa"
"732","Printing trades workers","7.2.5.1.0","Conduttori di macchinari per tipografia e stampa su carta e cartone"
"732","Printing trades workers","7.2.5.3.0","Conduttori di macchinari per rilegatura di libri e assimilati"
"741","Electrical equipment installers and repairers","6.1.3.7.0","Elettricisti ed installatori di impianti elettrici nelle costruzioni civili"
"741","Electrical equipment installers and repairers","6.2.4.1.1","Installatori e riparatori di impianti elettrici industriali"
"741","Electrical equipment installers and repairers","6.2.4.1.2","Riparatori di apparecchi elettrici e di elettrodomestici"
"741","Electrical equipment installers and repairers","6.2.4.1.3","Elettromeccanici"
"741","Electrical equipment installers and repairers","6.2.4.1.4","Installatori e riparatori di apparati di produzione e conservazione dell’energia elettrica"
"741","Electrical equipment installers and repairers","6.2.4.1.5","Elettrauto"
"741","Electrical equipment installers and repairers","6.2.4.5.0","Installatori, manutentori e riparatori di linee elettriche, cavisti"
"742","Electronics and telecommunications installers and repairers","6.2.4.2.0","Manutentori e riparatori di apparati elettronici industriali"
"742","Electronics and telecommunications installers and repairers","6.2.4.3.0","Riparatori di apparecchi radio televisivi"
"742","Electronics and telecommunications installers and repairers","6.2.4.4.0","Installatori e riparatori di apparati di telecomunicazione"
"742","Electronics and telecommunications installers and repairers","6.2.4.6.0","Installatori, manutentori e riparatori di apparecchiature informatiche"
"751","Food processing and related trades workers","6.5.1.1.1","Macellai e abbattitori di animali"
"751","Food processing and related trades workers","6.5.1.1.2","Norcini"
"751","Food processing and related trades workers","6.5.1.1.3","Pesciaioli"
"751","Food processing and related trades workers","6.5.1.1.4","Addetti alla conservazione di carni e pesci"
"751","Food processing and related trades workers","6.5.1.2.1","Panettieri"
"751","Food processing and related trades workers","6.5.1.2.2","Pastai"
"751","Food processing and related trades workers","6.5.1.3.1","Pasticcieri e cioccolatai"
"751","Food processing and related trades workers","6.5.1.3.2","Gelatai"
"751","Food processing and related trades workers","6.5.1.3.3","Conservieri"
"751","Food processing and related trades workers","6.5.1.4.0","Degustatori e classificatori di prodotti alimentari e bevande"
"751","Food processing and related trades workers","6.5.1.5.0","Artigiani ed operai specializzati delle lavorazioni artigianali casearie"
"751","Food processing and related trades workers","6.5.1.6.0","Operai specializzati della preparazione e della lavorazione delle foglie di tabacco"
"752","Wood treaters, cabinet-makers and related trades workers","6.5.2.1.1","Stagionatori, ed operai specializzati del primo trattamento del legno"
"752","Wood treaters, cabinet-makers and related trades workers","6.5.2.1.2","Curvatori, sagomatori ed operai specializzati della prima lavorazione del legno"
"752","Wood treaters, cabinet-makers and related trades workers","6.5.2.2.1","Attrezzisti di falegnameria"
"752","Wood treaters, cabinet-makers and related trades workers","6.5.2.2.2","Falegnami"
"752","Wood treaters, cabinet-makers and related trades workers","6.5.2.2.3","Montatori di mobili"
"752","Wood treaters, cabinet-makers and related trades workers","7.2.4.1.0","Addetti a macchinari per la produzione in serie di mobili e di articoli in legno"
"753","Garment and related trades workers","6.5.3.3.1","Modellisti di capi di abbigliamento"
"753","Garment and related trades workers","6.5.3.3.2","Tagliatori di capi di abbigliamento"
"753","Garment and related trades workers","6.5.3.3.3","Confezionatori di capi di abbigliamento"
"753","Garment and related trades workers","6.5.3.3.4","Sarti"
"753","Garment and related trades workers","6.5.3.3.5","Cappellai"
"753","Garment and related trades workers","6.5.3.4.1","Modellisti di pellicceria e di capi in pelle"
"753","Garment and related trades workers","6.5.3.4.2","Tagliatori di pellicceria e di capi in pelle"
"753","Garment and related trades workers","6.5.3.4.3","Confezionatori di pellicceria e di capi in pelle"
"753","Garment and related trades workers","6.5.3.4.4","Pellicciai e sarti in pelle"
"753","Garment and related trades workers","6.5.3.5.1","Confezionatori e rifinitori di biancheria intima"
"753","Garment and related trades workers","6.5.3.5.2","Confezionatori e rifinitori di biancheria per la casa"
"753","Garment and related trades workers","6.5.3.5.3","Merlettai e ricamatrici a mano"
"753","Garment and related trades workers","6.5.3.5.4","Bottonai"
"753","Garment and related trades workers","6.5.3.6.1","Confezionatori di tende e drappeggi"
"753","Garment and related trades workers","6.5.3.6.2","Modellisti di poltrone e divani"
"753","Garment and related trades workers","6.5.3.6.3","Tagliatori di imbottiture e rivestimenti di poltrone e divani"
"753","Garment and related trades workers","6.5.3.6.4","Confezionatori di poltrone e divani"
"753","Garment and related trades workers","6.5.3.6.5","Tappezzieri di poltrone, divani e assimilati"
"753","Garment and related trades workers","6.5.3.6.6","Materassai"
"753","Garment and related trades workers","6.5.4.1.0","Conciatori di pelli e di pellicce"
"753","Garment and related trades workers","6.5.4.2.1","Modellisti di calzature"
"753","Garment and related trades workers","6.5.4.2.2","Tagliatori di calzature"
"753","Garment and related trades workers","6.5.4.2.3","Confezionatori di calzature"
"753","Garment and related trades workers","6.5.4.2.4","Calzolai, sellai e cuoiai"
"753","Garment and related trades workers","6.5.4.3.1","Modellisti di pelletteria"
"753","Garment and related trades workers","6.5.4.3.2","Tagliatori di pelletteria"
"753","Garment and related trades workers","6.5.4.3.3","Confezionatori di pelletteria"
"753","Garment and related trades workers","6.5.4.3.4","Pellettieri"
"754","Other craft and related workers","6.1.1.1.0","Brillatori e artificieri in cave e miniere"
"754","Other craft and related workers","6.1.5.1.0","Operai addetti ai servizi di igiene e pulizia"
"754","Other craft and related workers","6.2.1.6.0","Sommozzatori e lavoratori subacquei"
"811","Mining and mineral processing plant operators","6.1.1.3.0","Coltivatori di saline"
"811","Mining and mineral processing plant operators","7.1.1.1.0","Conduttori di macchinari in miniere e cave"
"811","Mining and mineral processing plant operators","7.1.1.2.0","Conduttori di impianti per il primo trattamento di minerali e di pietre"
"811","Mining and mineral processing plant operators","7.1.1.3.1","Trivellatori di pozzi"
"811","Mining and mineral processing plant operators","7.1.1.3.2","Conduttori di sonde e perforatrici da prospezione"
"811","Mining and mineral processing plant operators","7.2.1.2.0","Conduttori di macchinari per la produzione di manufatti in cemento e assimilati"
"811","Mining and mineral processing plant operators","7.2.1.3.0","Conduttori di macchinari per la produzione di abrasivi e manufatti abrasivi minerali"
"812","Metal processing and finishing plant operators","7.1.2.1.1","Operatori di altoforno"
"812","Metal processing and finishing plant operators","7.1.2.1.2","Operatori di colata"
"812","Metal processing and finishing plant operators","7.1.2.2.1","Operatori di forni di seconda fusione"
"812","Metal processing and finishing plant operators","7.1.2.2.2","Operatori di laminatoi"
"812","Metal processing and finishing plant operators","7.1.2.3.0","Operatori di impianti per il trattamento termico dei metalli"
"812","Metal processing and finishing plant operators","7.1.2.4.1","Conduttori di macchine per la trafila di metalli"
"812","Metal processing and finishing plant operators","7.1.2.4.2","Conduttori di macchine per l’estrusione e la profilatura di metalli"
"812","Metal processing and finishing plant operators","7.1.2.5.1","Operatori di impianti termici per la produzione di metalli non ferrosi"
"812","Metal processing and finishing plant operators","7.1.2.5.2","Operatori di impianti elettrochimici per la produzione di metalli non ferrosi"
"812","Metal processing and finishing plant operators","7.2.2.1.0","Finitori di metalli e conduttori di impianti per finire, rivestire, placcare metalli e oggetti in metallo"
"813","Chemical and photographic products plant and machine operators","7.1.5.1.1","Conduttori di impianti per la raffinazione del gas e dei prodotti petroliferi"
"813","Chemical and photographic products plant and machine operators","7.1.5.1.2","Conduttori di impianti per la stazzatura di prodotti petroliferi"
"813","Chemical and photographic products plant and machine operators","7.1.5.2.0","Operatori di macchinari e di impianti per la chimica di base e la chimica fine"
"813","Chemical and photographic products plant and machine operators","7.1.5.3.1","Operatori di macchinari per la produzione di farmaci"
"813","Chemical and photographic products plant and machine operators","7.1.5.3.2","Operatori di macchinari per la produzione di prodotti derivati dalla chimica (farmaci esclusi)"
"813","Chemical and photographic products plant and machine operators","7.1.8.1.0","Conduttori di mulini e impastatrici"
"813","Chemical and photographic products plant and machine operators","7.1.8.2.0","Conduttori di forni e di impianti per il trattamento termico dei minerali"
"813","Chemical and photographic products plant and machine operators","7.2.2.2.0","Conduttori di macchinari per la fabbricazione di prodotti fotografici e assimilati"
"814","Rubber, plastic and paper products machine operators","7.2.3.1.0","Conduttori di macchinari per la confezione e vulcanizzazione dei pneumatici"
"814","Rubber, plastic and paper products machine operators","7.2.3.2.0","Conduttori di macchinari per la fabbricazione di altri articoli in gomma"
"814","Rubber, plastic and paper products machine operators","7.2.3.3.0","Conduttori di macchinari per la fabbricazione di articoli in plastica e assimilati"
"814","Rubber, plastic and paper products machine operators","7.2.5.2.0","Conduttori di macchinari per la fabbricazione di prodotti in carta e cartone"
"815","Textile, fur and leather products machine operators","6.5.3.7.0","Artigiani e addetti alle tintolavanderie"
"815","Textile, fur and leather products machine operators","7.2.6.1.0","Addetti a macchinari per la filatura e la bobinatura"
"815","Textile, fur and leather products machine operators","7.2.6.2.0","Addetti a telai meccanici e a macchinari per la tessitura e la maglieria"
"815","Textile, fur and leather products machine operators","7.2.6.3.0","Operai addetti a macchinari industriali per confezioni di abbigliamento in stoffa e assimilati"
"815","Textile, fur and leather products machine operators","7.2.6.4.0","Addetti ai macchinari per il trattamento di pulitura a secco, candeggio e tintura di filati e tessuti industriali"
"815","Textile, fur and leather products machine operators","7.2.6.5.0","Addetti a macchinari per la stampa dei tessuti"
"815","Textile, fur and leather products machine operators","7.2.6.6.1","Addetti a macchinari industriali per la preparazione di pelli e pellicce"
"815","Textile, fur and leather products machine operators","7.2.6.6.2","Addetti a macchinari per la produzione in serie di articoli in pelle e pelliccia"
"815","Textile, fur and leather products machine operators","7.2.6.7.0","Addetti a macchinari per la produzione in serie di calzature"
"815","Textile, fur and leather products machine operators","7.2.6.9.0","Altri operai addetti a macchinari dell’industria tessile e delle confezioni ed assimilati"
"816","Food and related products machine operators","7.3.2.1.0","Conduttori di macchinari per la lavorazione e la conservazione della carne e del pesce"
"816","Food and related products machine operators","7.3.1.2.0","Addetti agli impianti per la trasformazione delle olive"
"816","Food and related products machine operators","7.3.1.3.0","Addetti alla refrigerazione, trattamento igienico e prima trasformazione del latte"
"816","Food and related products machine operators","7.3.2.2.0","Conduttori di apparecchi per la lavorazione industriale di prodotti lattiero – caseari"
"816","Food and related products machine operators","7.3.2.3.1","Conduttori di macchinari industriali per la lavorazione dei cereali"
"816","Food and related products machine operators","7.3.2.3.2","Conduttori di macchinari industriali per la lavorazione delle spezie"
"816","Food and related products machine operators","7.3.2.3.3","Conduttori di macchinari industriali per la lavorazione di prodotti a base di cereali"
"816","Food and related products machine operators","7.3.2.4.1","Conduttori di macchinari per cernita e la calibratura di prodotti ortofrutticoli"
"816","Food and related products machine operators","7.3.2.4.2","Conduttori di macchinari per la conservazione di frutta e verdura"
"816","Food and related products machine operators","7.3.2.4.3","Conduttori di macchinari per la conservazione di legumi e riso"
"816","Food and related products machine operators","7.3.2.4.4","Conduttori di macchinari per la produzione di oli di semi"
"816","Food and related products machine operators","7.3.2.5.0","Conduttori di macchinari per la produzione e la raffinazione dello zucchero"
"816","Food and related products machine operators","7.3.2.6.1","Conduttori di macchinari per la preparazione e la produzione del the, del caffè e del cacao"
"816","Food and related products machine operators","7.3.2.6.2","Conduttori di macchinari per la preparazione e la produzione della cioccolata"
"816","Food and related products machine operators","7.3.2.7.0","Conduttori di macchinari per la lavorazione dei prodotti del tabacco"
"816","Food and related products machine operators","7.3.2.8.1","Addetti a macchinari industriali per la vinificazione"
"816","Food and related products machine operators","7.3.2.8.2","Addetti a macchinari industriali per la produzione di birra"
"816","Food and related products machine operators","7.3.2.8.3","Addetti a macchinari industriali per la produzione di liquori, di distillati e di bevande alcoliche"
"816","Food and related products machine operators","7.3.2.8.4","Addetti a macchinari industriali per la produzione di bevande analcoliche e gassate"
"816","Food and related products machine operators","7.3.2.9.0","Conduttori di macchinari per la produzione di pasticceria e prodotti da forno"
"817","Wood processing and papermaking plant operators","7.1.4.1.0","Conduttori di impianti per la fabbricazione in serie di pannelli in legno"
"817","Wood processing and papermaking plant operators","7.1.4.2.0","Operatori di impianti per la preparazione della pasta di legno e di altri materiali per cartiera"
"817","Wood processing and papermaking plant operators","7.1.4.3.0","Operatori di impianti per la fabbricazione della carta"
"818","Other stationary plant and machine operators","7.1.3.1.0","Conduttori di impianti per dosare, miscelare ed impastare materiali per la produzione del  vetro, della ceramica e dei laterizi"
"818","Other stationary plant and machine operators","7.1.3.2.1","Conduttori di forni per la produzione del vetro"
"818","Other stationary plant and machine operators","7.1.3.2.2","Conduttori di impianti per la lavorazione del vetro"
"818","Other stationary plant and machine operators","7.1.3.3.1","Conduttori di impianti per la formatura di articoli in ceramica e terracotta"
"818","Other stationary plant and machine operators","7.1.3.3.2","Conduttori di forni per la produzione di articoli in ceramica e terracotta"
"818","Other stationary plant and machine operators","7.1.3.4.1","Conduttori di impianti per la formatura di laterizi"
"818","Other stationary plant and machine operators","7.1.3.4.2","Conduttori di forni per la produzione di laterizi"
"818","Other stationary plant and machine operators","7.1.6.1.0","Conduttori di caldaie a vapore e di motori termici in impianti industriali"
"818","Other stationary plant and machine operators","7.2.8.1.0","Addetti a macchine confezionatrici e al confezionamento di prodotti industriali"
"818","Other stationary plant and machine operators","7.4.5.2.0","Conduttori di caldaie ed altre attrezzature navali"
"821","Assemblers","7.2.7.1.0","Assemblatori in serie di parti di macchine"
"821","Assemblers","7.2.7.2.0","Assemblatori e cablatori di apparecchiature elettriche"
"821","Assemblers","7.2.7.3.0","Assemblatori e cablatori di apparecchiature elettroniche e di telecomunicazioni"
"821","Assemblers","7.2.7.4.0","Assemblatori in serie di articoli in metallo, in gomma e in materie plastiche"
"821","Assemblers","7.2.7.5.0","Assemblatori in serie di articoli in legno e in materiali assimilati"
"821","Assemblers","7.2.7.6.0","Assemblatori in serie di articoli in cartone, in tessuto e materie assimilate"
"821","Assemblers","7.2.7.9.0","Assemblatori in serie di articoli industriali compositi"
"831","Locomotive engine drivers and related workers","7.4.1.1.0","Conduttori di convogli ferroviari"
"831","Locomotive engine drivers and related workers","7.4.1.2.0","Operatori di verifica, circolazione e formazione treni"
"832","Car, van and motorcycle drivers","7.4.2.1.0","Autisti di taxi, conduttori di automobili, furgoni e altri veicoli"
"833","Heavy truck and bus drivers","7.4.2.2.0","Conduttori di autobus, di tram e di filobus"
"833","Heavy truck and bus drivers","7.4.2.3.0","Conduttori di mezzi pesanti e camion"
"834","Mobile plant operators","7.3.1.1.0","Addetti agli impianti fissi in agricoltura e nell’allevamento"
"834","Mobile plant operators","7.4.1.3.0","Manovratori di impianti a fune"
"834","Mobile plant operators","7.4.3.1.0","Conduttori di trattori agricoli"
"834","Mobile plant operators","7.4.3.2.1","Conduttori di macchine raccoglitrici, trinciatrici e pressatrici agricole"
"834","Mobile plant operators","7.4.3.2.2","Conduttori di mietitrebbiatrici"
"834","Mobile plant operators","7.4.3.2.3","Conduttori di macchine per la raccolta di prodotti agricoli (barbabietole, patate, frutta, uva e ortive)"
"834","Mobile plant operators","7.4.3.3.0","Conduttori di macchine forestali"
"834","Mobile plant operators","7.4.4.1.0","Conduttori di macchinari per il movimento terra"
"834","Mobile plant operators","7.4.4.2.1","Conduttori di macchinari mobili per la perforazione in edilizia"
"834","Mobile plant operators","7.4.4.2.2","Conduttori di macchinari mobili per la perforazione di gallerie"
"834","Mobile plant operators","7.4.4.3.0","Conduttori di gru e di apparecchi di sollevamento"
"834","Mobile plant operators","7.4.4.4.0","Conduttori di carrelli elevatori"
"835","Ships’ deck crews and related workers","7.4.5.1.0","Marinai di coperta"
"835","Ships’ deck crews and related workers","7.4.5.3.0","Conduttori di barche e battelli a motore"
"911","Domestic, hotel and office cleaners and helpers","8.1.4.1.0","Personale non qualificato addetto alla pulizia nei servizi di alloggio e nelle navi"
"911","Domestic, hotel and office cleaners and helpers","8.1.4.3.0","Personale non qualificato addetto ai servizi di pulizia di uffici ed esercizi commerciali"
"911","Domestic, hotel and office cleaners and helpers","8.1.5.1.0","Bidelli e professioni assimilate"
"911","Domestic, hotel and office cleaners and helpers","8.1.5.2.0","Portantini e professioni assimilate"
"911","Domestic, hotel and office cleaners and helpers","8.2.2.1.0","Collaboratori domestici e professioni assimilate"
"912","Vehicle, window, laundry and other hand cleaning workers","8.1.4.4.0","Addetti al lavaggio veicoli"
"921","Agricultural, forestry and fishery labourers","8.3.1.1.0","Braccianti agricoli"
"921","Agricultural, forestry and fishery labourers","8.3.1.2.0","Personale non qualificato addetto alla manutenzione del verde"
"921","Agricultural, forestry and fishery labourers","8.3.2.1.0","Personale forestale non qualificato"
"921","Agricultural, forestry and fishery labourers","8.3.2.2.0","Personale non qualificato addetto alla cura degli animali"
"921","Agricultural, forestry and fishery labourers","8.3.2.3.0","Personale non qualificato addetto alla pesca ed alla caccia"
"931","Mining and construction labourers","8.4.1.1.0","Manovali ed altro personale non qualificato delle miniere e delle cave"
"931","Mining and construction labourers","8.4.2.1.0","Manovali e personale non qualificato dell’edilizia civile e professioni assimilate"
"931","Mining and construction labourers","8.4.2.2.0","Manovali e personale non qualificato della costruzione e manutenzione di strade, dighe e altre opere pubbliche"
"932","Manufacturing labourers","8.4.3.1.0","Personale non qualificato delle attività industriali e professioni assimilate"
"933","Transport and storage labourers","7.4.2.4.0","Conduttori di veicoli a trazione animale"
"933","Transport and storage labourers","8.1.3.2.0","Personale non qualificato addetto all’imballaggio e al magazzino"
"941","Food preparation assistants","5.2.2.2.2","Addetti alla preparazione, alla cottura e alla vendita di cibi in fast food, tavole calde, rosticcerie ed esercizi assimilati"
"941","Food preparation assistants","8.1.4.2.0","Personale non qualificato nei servizi di ristorazione"
"951","Street and related service workers","8.1.1.2.0","Venditori ambulanti di servizi"
"952","Street vendors (excluding food)","8.1.1.1.0","Venditori ambulanti di beni"
"961","Refuse workers","8.1.4.5.0","Operatori ecologici e altri raccoglitori e separatori di rifiuti"
"962","Other elementary workers","8.1.2.1.0","Uscieri e professioni assimilate"
"962","Other elementary workers","8.1.2.2.0","Lettori di contatori, collettori di monete e professioni assimilate"
"962","Other elementary workers","8.1.3.1.0","Facchini, addetti allo spostamento merci ed assimilati"
"962","Other elementary workers","8.1.3.3.0","Addetti alle consegne"
"962","Other elementary workers","8.1.6.1.1","Personale non qualificato addetto ai servizi di custodia di edifici"
"962","Other elementary workers","8.1.6.1.2","Personale non qualificato addetto ai servizi di custodia di impianti"
"962","Other elementary workers","8.1.6.1.3","Personale non qualificato addetto ai servizi di custodia di attrezzature e beni"
"962","Other elementary workers","8.2.1.1.0","Personale non qualificato nei servizi ricreativi e culturali"
